-- MySQL dump 10.13  Distrib 8.0.46, for Linux (aarch64)
--
-- Host: localhost    Database: wcp
-- ------------------------------------------------------
-- Server version	8.0.46

/*!40101 SET @OLD_CHARACTER_SET_CLIENT=@@CHARACTER_SET_CLIENT */;
/*!40101 SET @OLD_CHARACTER_SET_RESULTS=@@CHARACTER_SET_RESULTS */;
/*!40101 SET @OLD_COLLATION_CONNECTION=@@COLLATION_CONNECTION */;
/*!50503 SET NAMES utf8mb4 */;
/*!40103 SET @OLD_TIME_ZONE=@@TIME_ZONE */;
/*!40103 SET TIME_ZONE='+00:00' */;
/*!40014 SET @OLD_UNIQUE_CHECKS=@@UNIQUE_CHECKS, UNIQUE_CHECKS=0 */;
/*!40014 SET @OLD_FOREIGN_KEY_CHECKS=@@FOREIGN_KEY_CHECKS, FOREIGN_KEY_CHECKS=0 */;
/*!40101 SET @OLD_SQL_MODE=@@SQL_MODE, SQL_MODE='NO_AUTO_VALUE_ON_ZERO' */;
/*!40111 SET @OLD_SQL_NOTES=@@SQL_NOTES, SQL_NOTES=0 */;

--
-- Dumping data for table `venues`
--

LOCK TABLES `venues` WRITE;
/*!40000 ALTER TABLE `venues` DISABLE KEYS */;
INSERT  IGNORE INTO `venues` (`id`, `source_id`, `city_name`, `country`, `venue_name`, `region_cluster`, `airport_code`) VALUES (1,1,'Atlanta','USA','Mercedes-Benz Stadium','East','ATL');
INSERT  IGNORE INTO `venues` (`id`, `source_id`, `city_name`, `country`, `venue_name`, `region_cluster`, `airport_code`) VALUES (2,2,'Boston','USA','Gillette Stadium','East','BOS');
INSERT  IGNORE INTO `venues` (`id`, `source_id`, `city_name`, `country`, `venue_name`, `region_cluster`, `airport_code`) VALUES (3,3,'Dallas','USA','AT&T Stadium','Central','DAL');
INSERT  IGNORE INTO `venues` (`id`, `source_id`, `city_name`, `country`, `venue_name`, `region_cluster`, `airport_code`) VALUES (4,4,'Houston','USA','NRG Stadium','Central','IAH');
INSERT  IGNORE INTO `venues` (`id`, `source_id`, `city_name`, `country`, `venue_name`, `region_cluster`, `airport_code`) VALUES (5,5,'Kansas City','USA','Arrowhead Stadium','Central','MCI');
INSERT  IGNORE INTO `venues` (`id`, `source_id`, `city_name`, `country`, `venue_name`, `region_cluster`, `airport_code`) VALUES (6,6,'Los Angeles','USA','SoFi Stadium','West','LAX');
INSERT  IGNORE INTO `venues` (`id`, `source_id`, `city_name`, `country`, `venue_name`, `region_cluster`, `airport_code`) VALUES (7,7,'Miami','USA','Hard Rock Stadium','East','MIA');
INSERT  IGNORE INTO `venues` (`id`, `source_id`, `city_name`, `country`, `venue_name`, `region_cluster`, `airport_code`) VALUES (8,8,'New York/New Jersey','USA','MetLife Stadium','East','EWR');
INSERT  IGNORE INTO `venues` (`id`, `source_id`, `city_name`, `country`, `venue_name`, `region_cluster`, `airport_code`) VALUES (9,9,'Philadelphia','USA','Lincoln Financial Field','East','PHL');
INSERT  IGNORE INTO `venues` (`id`, `source_id`, `city_name`, `country`, `venue_name`, `region_cluster`, `airport_code`) VALUES (10,10,'San Francisco Bay Area','USA','Levi\'s Stadium','West','SFO');
INSERT  IGNORE INTO `venues` (`id`, `source_id`, `city_name`, `country`, `venue_name`, `region_cluster`, `airport_code`) VALUES (11,11,'Seattle','USA','Lumen Field','West','SEA');
INSERT  IGNORE INTO `venues` (`id`, `source_id`, `city_name`, `country`, `venue_name`, `region_cluster`, `airport_code`) VALUES (12,12,'Toronto','Canada','BMO Field','East','YYZ');
INSERT  IGNORE INTO `venues` (`id`, `source_id`, `city_name`, `country`, `venue_name`, `region_cluster`, `airport_code`) VALUES (13,13,'Vancouver','Canada','BC Place','West','YVR');
INSERT  IGNORE INTO `venues` (`id`, `source_id`, `city_name`, `country`, `venue_name`, `region_cluster`, `airport_code`) VALUES (14,14,'Guadalajara','Mexico','Estadio Akron','Central','GDL');
INSERT  IGNORE INTO `venues` (`id`, `source_id`, `city_name`, `country`, `venue_name`, `region_cluster`, `airport_code`) VALUES (15,15,'Mexico City','Mexico','Estadio Azteca','Central','MEX');
INSERT  IGNORE INTO `venues` (`id`, `source_id`, `city_name`, `country`, `venue_name`, `region_cluster`, `airport_code`) VALUES (16,16,'Monterrey','Mexico','Estadio BBVA','Central','MTY');
/*!40000 ALTER TABLE `venues` ENABLE KEYS */;
UNLOCK TABLES;

--
-- Dumping data for table `teams`
--

LOCK TABLES `teams` WRITE;
/*!40000 ALTER TABLE `teams` DISABLE KEYS */;
INSERT  IGNORE INTO `teams` (`id`, `source_id`, `name`, `code`, `group_letter`, `is_placeholder`) VALUES (1,1,'Mexico','MEX','A',0);
INSERT  IGNORE INTO `teams` (`id`, `source_id`, `name`, `code`, `group_letter`, `is_placeholder`) VALUES (2,2,'South Africa','RSA','A',0);
INSERT  IGNORE INTO `teams` (`id`, `source_id`, `name`, `code`, `group_letter`, `is_placeholder`) VALUES (3,3,'South Korea','KOR','A',0);
INSERT  IGNORE INTO `teams` (`id`, `source_id`, `name`, `code`, `group_letter`, `is_placeholder`) VALUES (4,4,'Czech Republic','CZE','A',0);
INSERT  IGNORE INTO `teams` (`id`, `source_id`, `name`, `code`, `group_letter`, `is_placeholder`) VALUES (5,5,'Canada','CAN','B',0);
INSERT  IGNORE INTO `teams` (`id`, `source_id`, `name`, `code`, `group_letter`, `is_placeholder`) VALUES (6,6,'Bosnia & Herzegovina','BIH','B',0);
INSERT  IGNORE INTO `teams` (`id`, `source_id`, `name`, `code`, `group_letter`, `is_placeholder`) VALUES (7,7,'Qatar','QAT','B',0);
INSERT  IGNORE INTO `teams` (`id`, `source_id`, `name`, `code`, `group_letter`, `is_placeholder`) VALUES (8,8,'Switzerland','SUI','B',0);
INSERT  IGNORE INTO `teams` (`id`, `source_id`, `name`, `code`, `group_letter`, `is_placeholder`) VALUES (9,9,'Brazil','BRA','C',0);
INSERT  IGNORE INTO `teams` (`id`, `source_id`, `name`, `code`, `group_letter`, `is_placeholder`) VALUES (10,10,'Morocco','MAR','C',0);
INSERT  IGNORE INTO `teams` (`id`, `source_id`, `name`, `code`, `group_letter`, `is_placeholder`) VALUES (11,11,'Haiti','HAI','C',0);
INSERT  IGNORE INTO `teams` (`id`, `source_id`, `name`, `code`, `group_letter`, `is_placeholder`) VALUES (12,12,'Scotland','SCO','C',0);
INSERT  IGNORE INTO `teams` (`id`, `source_id`, `name`, `code`, `group_letter`, `is_placeholder`) VALUES (13,13,'USA','USA','D',0);
INSERT  IGNORE INTO `teams` (`id`, `source_id`, `name`, `code`, `group_letter`, `is_placeholder`) VALUES (14,14,'Paraguay','PAR','D',0);
INSERT  IGNORE INTO `teams` (`id`, `source_id`, `name`, `code`, `group_letter`, `is_placeholder`) VALUES (15,15,'Australia','AUS','D',0);
INSERT  IGNORE INTO `teams` (`id`, `source_id`, `name`, `code`, `group_letter`, `is_placeholder`) VALUES (16,16,'Turkey','TUR','D',0);
INSERT  IGNORE INTO `teams` (`id`, `source_id`, `name`, `code`, `group_letter`, `is_placeholder`) VALUES (17,17,'Germany','GER','E',0);
INSERT  IGNORE INTO `teams` (`id`, `source_id`, `name`, `code`, `group_letter`, `is_placeholder`) VALUES (18,18,'Curaçao','CUW','E',0);
INSERT  IGNORE INTO `teams` (`id`, `source_id`, `name`, `code`, `group_letter`, `is_placeholder`) VALUES (19,19,'Ivory Coast','CIV','E',0);
INSERT  IGNORE INTO `teams` (`id`, `source_id`, `name`, `code`, `group_letter`, `is_placeholder`) VALUES (20,20,'Ecuador','ECU','E',0);
INSERT  IGNORE INTO `teams` (`id`, `source_id`, `name`, `code`, `group_letter`, `is_placeholder`) VALUES (21,21,'Netherlands','NED','F',0);
INSERT  IGNORE INTO `teams` (`id`, `source_id`, `name`, `code`, `group_letter`, `is_placeholder`) VALUES (22,22,'Japan','JPN','F',0);
INSERT  IGNORE INTO `teams` (`id`, `source_id`, `name`, `code`, `group_letter`, `is_placeholder`) VALUES (23,23,'Sweden','SWE','F',0);
INSERT  IGNORE INTO `teams` (`id`, `source_id`, `name`, `code`, `group_letter`, `is_placeholder`) VALUES (24,24,'Tunisia','TUN','F',0);
INSERT  IGNORE INTO `teams` (`id`, `source_id`, `name`, `code`, `group_letter`, `is_placeholder`) VALUES (25,25,'Belgium','BEL','G',0);
INSERT  IGNORE INTO `teams` (`id`, `source_id`, `name`, `code`, `group_letter`, `is_placeholder`) VALUES (26,26,'Egypt','EGY','G',0);
INSERT  IGNORE INTO `teams` (`id`, `source_id`, `name`, `code`, `group_letter`, `is_placeholder`) VALUES (27,27,'Iran','IRN','G',0);
INSERT  IGNORE INTO `teams` (`id`, `source_id`, `name`, `code`, `group_letter`, `is_placeholder`) VALUES (28,28,'New Zealand','NZL','G',0);
INSERT  IGNORE INTO `teams` (`id`, `source_id`, `name`, `code`, `group_letter`, `is_placeholder`) VALUES (29,29,'Spain','ESP','H',0);
INSERT  IGNORE INTO `teams` (`id`, `source_id`, `name`, `code`, `group_letter`, `is_placeholder`) VALUES (30,30,'Cape Verde','CPV','H',0);
INSERT  IGNORE INTO `teams` (`id`, `source_id`, `name`, `code`, `group_letter`, `is_placeholder`) VALUES (31,31,'Saudi Arabia','KSA','H',0);
INSERT  IGNORE INTO `teams` (`id`, `source_id`, `name`, `code`, `group_letter`, `is_placeholder`) VALUES (32,32,'Uruguay','URU','H',0);
INSERT  IGNORE INTO `teams` (`id`, `source_id`, `name`, `code`, `group_letter`, `is_placeholder`) VALUES (33,33,'France','FRA','I',0);
INSERT  IGNORE INTO `teams` (`id`, `source_id`, `name`, `code`, `group_letter`, `is_placeholder`) VALUES (34,34,'Senegal','SEN','I',0);
INSERT  IGNORE INTO `teams` (`id`, `source_id`, `name`, `code`, `group_letter`, `is_placeholder`) VALUES (35,35,'Iraq','IRQ','I',0);
INSERT  IGNORE INTO `teams` (`id`, `source_id`, `name`, `code`, `group_letter`, `is_placeholder`) VALUES (36,36,'Norway','NOR','I',0);
INSERT  IGNORE INTO `teams` (`id`, `source_id`, `name`, `code`, `group_letter`, `is_placeholder`) VALUES (37,37,'Argentina','ARG','J',0);
INSERT  IGNORE INTO `teams` (`id`, `source_id`, `name`, `code`, `group_letter`, `is_placeholder`) VALUES (38,38,'Algeria','ALG','J',0);
INSERT  IGNORE INTO `teams` (`id`, `source_id`, `name`, `code`, `group_letter`, `is_placeholder`) VALUES (39,39,'Austria','AUT','J',0);
INSERT  IGNORE INTO `teams` (`id`, `source_id`, `name`, `code`, `group_letter`, `is_placeholder`) VALUES (40,40,'Jordan','JOR','J',0);
INSERT  IGNORE INTO `teams` (`id`, `source_id`, `name`, `code`, `group_letter`, `is_placeholder`) VALUES (41,41,'Portugal','POR','K',0);
INSERT  IGNORE INTO `teams` (`id`, `source_id`, `name`, `code`, `group_letter`, `is_placeholder`) VALUES (42,42,'DR Congo','COD','K',0);
INSERT  IGNORE INTO `teams` (`id`, `source_id`, `name`, `code`, `group_letter`, `is_placeholder`) VALUES (43,43,'Uzbekistan','UZB','K',0);
INSERT  IGNORE INTO `teams` (`id`, `source_id`, `name`, `code`, `group_letter`, `is_placeholder`) VALUES (44,44,'Colombia','COL','K',0);
INSERT  IGNORE INTO `teams` (`id`, `source_id`, `name`, `code`, `group_letter`, `is_placeholder`) VALUES (45,45,'England','ENG','L',0);
INSERT  IGNORE INTO `teams` (`id`, `source_id`, `name`, `code`, `group_letter`, `is_placeholder`) VALUES (46,46,'Croatia','CRO','L',0);
INSERT  IGNORE INTO `teams` (`id`, `source_id`, `name`, `code`, `group_letter`, `is_placeholder`) VALUES (47,47,'Ghana','GHA','L',0);
INSERT  IGNORE INTO `teams` (`id`, `source_id`, `name`, `code`, `group_letter`, `is_placeholder`) VALUES (48,48,'Panama','PAN','L',0);
/*!40000 ALTER TABLE `teams` ENABLE KEYS */;
UNLOCK TABLES;

--
-- Dumping data for table `matches`
--

LOCK TABLES `matches` WRITE;
/*!40000 ALTER TABLE `matches` DISABLE KEYS */;
INSERT  IGNORE INTO `matches` (`id`, `source_id`, `match_number`, `stage`, `round`, `group_letter`, `match_label`, `home_team_id`, `away_team_id`, `venue_id`, `kickoff_utc`, `status`, `home_score`, `away_score`, `went_to_penalties`, `penalty_winner_team_id`, `manual_override`, `updated_at`) VALUES (1,1,1,'group','Group Stage','A','Group A',1,2,15,'2026-06-11 19:00:00','scheduled',NULL,NULL,0,NULL,0,'2026-06-13 16:42:37');
INSERT  IGNORE INTO `matches` (`id`, `source_id`, `match_number`, `stage`, `round`, `group_letter`, `match_label`, `home_team_id`, `away_team_id`, `venue_id`, `kickoff_utc`, `status`, `home_score`, `away_score`, `went_to_penalties`, `penalty_winner_team_id`, `manual_override`, `updated_at`) VALUES (2,2,2,'group','Group Stage','A','Group A',3,4,14,'2026-06-12 02:00:00','scheduled',NULL,NULL,0,NULL,0,'2026-06-13 16:42:37');
INSERT  IGNORE INTO `matches` (`id`, `source_id`, `match_number`, `stage`, `round`, `group_letter`, `match_label`, `home_team_id`, `away_team_id`, `venue_id`, `kickoff_utc`, `status`, `home_score`, `away_score`, `went_to_penalties`, `penalty_winner_team_id`, `manual_override`, `updated_at`) VALUES (3,3,3,'group','Group Stage','A','Group A',4,2,1,'2026-06-18 16:00:00','scheduled',NULL,NULL,0,NULL,0,'2026-06-13 16:42:37');
INSERT  IGNORE INTO `matches` (`id`, `source_id`, `match_number`, `stage`, `round`, `group_letter`, `match_label`, `home_team_id`, `away_team_id`, `venue_id`, `kickoff_utc`, `status`, `home_score`, `away_score`, `went_to_penalties`, `penalty_winner_team_id`, `manual_override`, `updated_at`) VALUES (4,4,4,'group','Group Stage','A','Group A',1,3,14,'2026-06-19 01:00:00','scheduled',NULL,NULL,0,NULL,0,'2026-06-13 16:42:37');
INSERT  IGNORE INTO `matches` (`id`, `source_id`, `match_number`, `stage`, `round`, `group_letter`, `match_label`, `home_team_id`, `away_team_id`, `venue_id`, `kickoff_utc`, `status`, `home_score`, `away_score`, `went_to_penalties`, `penalty_winner_team_id`, `manual_override`, `updated_at`) VALUES (5,5,5,'group','Group Stage','A','Group A',4,1,15,'2026-06-25 01:00:00','scheduled',NULL,NULL,0,NULL,0,'2026-06-13 16:42:37');
INSERT  IGNORE INTO `matches` (`id`, `source_id`, `match_number`, `stage`, `round`, `group_letter`, `match_label`, `home_team_id`, `away_team_id`, `venue_id`, `kickoff_utc`, `status`, `home_score`, `away_score`, `went_to_penalties`, `penalty_winner_team_id`, `manual_override`, `updated_at`) VALUES (6,6,6,'group','Group Stage','A','Group A',2,3,16,'2026-06-25 01:00:00','scheduled',NULL,NULL,0,NULL,0,'2026-06-13 16:42:37');
INSERT  IGNORE INTO `matches` (`id`, `source_id`, `match_number`, `stage`, `round`, `group_letter`, `match_label`, `home_team_id`, `away_team_id`, `venue_id`, `kickoff_utc`, `status`, `home_score`, `away_score`, `went_to_penalties`, `penalty_winner_team_id`, `manual_override`, `updated_at`) VALUES (7,7,7,'group','Group Stage','B','Group B',5,6,12,'2026-06-12 19:00:00','scheduled',NULL,NULL,0,NULL,0,'2026-06-13 16:42:37');
INSERT  IGNORE INTO `matches` (`id`, `source_id`, `match_number`, `stage`, `round`, `group_letter`, `match_label`, `home_team_id`, `away_team_id`, `venue_id`, `kickoff_utc`, `status`, `home_score`, `away_score`, `went_to_penalties`, `penalty_winner_team_id`, `manual_override`, `updated_at`) VALUES (8,8,8,'group','Group Stage','B','Group B',7,8,10,'2026-06-13 19:00:00','scheduled',NULL,NULL,0,NULL,0,'2026-06-13 16:42:37');
INSERT  IGNORE INTO `matches` (`id`, `source_id`, `match_number`, `stage`, `round`, `group_letter`, `match_label`, `home_team_id`, `away_team_id`, `venue_id`, `kickoff_utc`, `status`, `home_score`, `away_score`, `went_to_penalties`, `penalty_winner_team_id`, `manual_override`, `updated_at`) VALUES (9,9,9,'group','Group Stage','B','Group B',8,6,6,'2026-06-18 19:00:00','scheduled',NULL,NULL,0,NULL,0,'2026-06-13 16:42:37');
INSERT  IGNORE INTO `matches` (`id`, `source_id`, `match_number`, `stage`, `round`, `group_letter`, `match_label`, `home_team_id`, `away_team_id`, `venue_id`, `kickoff_utc`, `status`, `home_score`, `away_score`, `went_to_penalties`, `penalty_winner_team_id`, `manual_override`, `updated_at`) VALUES (10,10,10,'group','Group Stage','B','Group B',5,7,13,'2026-06-18 22:00:00','scheduled',NULL,NULL,0,NULL,0,'2026-06-13 16:42:37');
INSERT  IGNORE INTO `matches` (`id`, `source_id`, `match_number`, `stage`, `round`, `group_letter`, `match_label`, `home_team_id`, `away_team_id`, `venue_id`, `kickoff_utc`, `status`, `home_score`, `away_score`, `went_to_penalties`, `penalty_winner_team_id`, `manual_override`, `updated_at`) VALUES (11,11,11,'group','Group Stage','B','Group B',8,5,13,'2026-06-24 19:00:00','scheduled',NULL,NULL,0,NULL,0,'2026-06-13 16:42:37');
INSERT  IGNORE INTO `matches` (`id`, `source_id`, `match_number`, `stage`, `round`, `group_letter`, `match_label`, `home_team_id`, `away_team_id`, `venue_id`, `kickoff_utc`, `status`, `home_score`, `away_score`, `went_to_penalties`, `penalty_winner_team_id`, `manual_override`, `updated_at`) VALUES (12,12,12,'group','Group Stage','B','Group B',6,7,11,'2026-06-24 19:00:00','scheduled',NULL,NULL,0,NULL,0,'2026-06-13 16:42:37');
INSERT  IGNORE INTO `matches` (`id`, `source_id`, `match_number`, `stage`, `round`, `group_letter`, `match_label`, `home_team_id`, `away_team_id`, `venue_id`, `kickoff_utc`, `status`, `home_score`, `away_score`, `went_to_penalties`, `penalty_winner_team_id`, `manual_override`, `updated_at`) VALUES (13,13,13,'group','Group Stage','C','Group C',9,10,8,'2026-06-13 22:00:00','scheduled',NULL,NULL,0,NULL,0,'2026-06-13 16:42:37');
INSERT  IGNORE INTO `matches` (`id`, `source_id`, `match_number`, `stage`, `round`, `group_letter`, `match_label`, `home_team_id`, `away_team_id`, `venue_id`, `kickoff_utc`, `status`, `home_score`, `away_score`, `went_to_penalties`, `penalty_winner_team_id`, `manual_override`, `updated_at`) VALUES (14,14,14,'group','Group Stage','C','Group C',11,12,2,'2026-06-14 01:00:00','scheduled',NULL,NULL,0,NULL,0,'2026-06-13 16:42:37');
INSERT  IGNORE INTO `matches` (`id`, `source_id`, `match_number`, `stage`, `round`, `group_letter`, `match_label`, `home_team_id`, `away_team_id`, `venue_id`, `kickoff_utc`, `status`, `home_score`, `away_score`, `went_to_penalties`, `penalty_winner_team_id`, `manual_override`, `updated_at`) VALUES (15,15,15,'group','Group Stage','C','Group C',12,10,2,'2026-06-19 22:00:00','scheduled',NULL,NULL,0,NULL,0,'2026-06-13 16:42:37');
INSERT  IGNORE INTO `matches` (`id`, `source_id`, `match_number`, `stage`, `round`, `group_letter`, `match_label`, `home_team_id`, `away_team_id`, `venue_id`, `kickoff_utc`, `status`, `home_score`, `away_score`, `went_to_penalties`, `penalty_winner_team_id`, `manual_override`, `updated_at`) VALUES (16,16,16,'group','Group Stage','C','Group C',9,11,9,'2026-06-20 00:30:00','scheduled',NULL,NULL,0,NULL,0,'2026-06-13 16:42:37');
INSERT  IGNORE INTO `matches` (`id`, `source_id`, `match_number`, `stage`, `round`, `group_letter`, `match_label`, `home_team_id`, `away_team_id`, `venue_id`, `kickoff_utc`, `status`, `home_score`, `away_score`, `went_to_penalties`, `penalty_winner_team_id`, `manual_override`, `updated_at`) VALUES (17,17,17,'group','Group Stage','C','Group C',12,9,7,'2026-06-24 22:00:00','scheduled',NULL,NULL,0,NULL,0,'2026-06-13 16:42:37');
INSERT  IGNORE INTO `matches` (`id`, `source_id`, `match_number`, `stage`, `round`, `group_letter`, `match_label`, `home_team_id`, `away_team_id`, `venue_id`, `kickoff_utc`, `status`, `home_score`, `away_score`, `went_to_penalties`, `penalty_winner_team_id`, `manual_override`, `updated_at`) VALUES (18,18,18,'group','Group Stage','C','Group C',10,11,1,'2026-06-24 22:00:00','scheduled',NULL,NULL,0,NULL,0,'2026-06-13 16:42:37');
INSERT  IGNORE INTO `matches` (`id`, `source_id`, `match_number`, `stage`, `round`, `group_letter`, `match_label`, `home_team_id`, `away_team_id`, `venue_id`, `kickoff_utc`, `status`, `home_score`, `away_score`, `went_to_penalties`, `penalty_winner_team_id`, `manual_override`, `updated_at`) VALUES (19,19,19,'group','Group Stage','D','Group D',13,14,6,'2026-06-13 01:00:00','scheduled',NULL,NULL,0,NULL,0,'2026-06-13 16:42:37');
INSERT  IGNORE INTO `matches` (`id`, `source_id`, `match_number`, `stage`, `round`, `group_letter`, `match_label`, `home_team_id`, `away_team_id`, `venue_id`, `kickoff_utc`, `status`, `home_score`, `away_score`, `went_to_penalties`, `penalty_winner_team_id`, `manual_override`, `updated_at`) VALUES (20,20,20,'group','Group Stage','D','Group D',15,16,13,'2026-06-14 04:00:00','scheduled',NULL,NULL,0,NULL,0,'2026-06-13 16:42:37');
INSERT  IGNORE INTO `matches` (`id`, `source_id`, `match_number`, `stage`, `round`, `group_letter`, `match_label`, `home_team_id`, `away_team_id`, `venue_id`, `kickoff_utc`, `status`, `home_score`, `away_score`, `went_to_penalties`, `penalty_winner_team_id`, `manual_override`, `updated_at`) VALUES (21,21,21,'group','Group Stage','D','Group D',13,15,11,'2026-06-19 19:00:00','scheduled',NULL,NULL,0,NULL,0,'2026-06-13 16:42:37');
INSERT  IGNORE INTO `matches` (`id`, `source_id`, `match_number`, `stage`, `round`, `group_letter`, `match_label`, `home_team_id`, `away_team_id`, `venue_id`, `kickoff_utc`, `status`, `home_score`, `away_score`, `went_to_penalties`, `penalty_winner_team_id`, `manual_override`, `updated_at`) VALUES (22,22,22,'group','Group Stage','D','Group D',16,14,10,'2026-06-20 03:00:00','scheduled',NULL,NULL,0,NULL,0,'2026-06-13 16:42:37');
INSERT  IGNORE INTO `matches` (`id`, `source_id`, `match_number`, `stage`, `round`, `group_letter`, `match_label`, `home_team_id`, `away_team_id`, `venue_id`, `kickoff_utc`, `status`, `home_score`, `away_score`, `went_to_penalties`, `penalty_winner_team_id`, `manual_override`, `updated_at`) VALUES (23,23,23,'group','Group Stage','D','Group D',16,13,6,'2026-06-26 02:00:00','scheduled',NULL,NULL,0,NULL,0,'2026-06-13 16:42:37');
INSERT  IGNORE INTO `matches` (`id`, `source_id`, `match_number`, `stage`, `round`, `group_letter`, `match_label`, `home_team_id`, `away_team_id`, `venue_id`, `kickoff_utc`, `status`, `home_score`, `away_score`, `went_to_penalties`, `penalty_winner_team_id`, `manual_override`, `updated_at`) VALUES (24,24,24,'group','Group Stage','D','Group D',14,15,10,'2026-06-26 02:00:00','scheduled',NULL,NULL,0,NULL,0,'2026-06-13 16:42:37');
INSERT  IGNORE INTO `matches` (`id`, `source_id`, `match_number`, `stage`, `round`, `group_letter`, `match_label`, `home_team_id`, `away_team_id`, `venue_id`, `kickoff_utc`, `status`, `home_score`, `away_score`, `went_to_penalties`, `penalty_winner_team_id`, `manual_override`, `updated_at`) VALUES (25,25,25,'group','Group Stage','E','Group E',17,18,4,'2026-06-14 17:00:00','scheduled',NULL,NULL,0,NULL,0,'2026-06-13 16:42:37');
INSERT  IGNORE INTO `matches` (`id`, `source_id`, `match_number`, `stage`, `round`, `group_letter`, `match_label`, `home_team_id`, `away_team_id`, `venue_id`, `kickoff_utc`, `status`, `home_score`, `away_score`, `went_to_penalties`, `penalty_winner_team_id`, `manual_override`, `updated_at`) VALUES (26,26,26,'group','Group Stage','E','Group E',19,20,9,'2026-06-14 23:00:00','scheduled',NULL,NULL,0,NULL,0,'2026-06-13 16:42:37');
INSERT  IGNORE INTO `matches` (`id`, `source_id`, `match_number`, `stage`, `round`, `group_letter`, `match_label`, `home_team_id`, `away_team_id`, `venue_id`, `kickoff_utc`, `status`, `home_score`, `away_score`, `went_to_penalties`, `penalty_winner_team_id`, `manual_override`, `updated_at`) VALUES (27,27,27,'group','Group Stage','E','Group E',17,19,12,'2026-06-20 20:00:00','scheduled',NULL,NULL,0,NULL,0,'2026-06-13 16:42:37');
INSERT  IGNORE INTO `matches` (`id`, `source_id`, `match_number`, `stage`, `round`, `group_letter`, `match_label`, `home_team_id`, `away_team_id`, `venue_id`, `kickoff_utc`, `status`, `home_score`, `away_score`, `went_to_penalties`, `penalty_winner_team_id`, `manual_override`, `updated_at`) VALUES (28,28,28,'group','Group Stage','E','Group E',20,18,5,'2026-06-21 00:00:00','scheduled',NULL,NULL,0,NULL,0,'2026-06-13 16:42:37');
INSERT  IGNORE INTO `matches` (`id`, `source_id`, `match_number`, `stage`, `round`, `group_letter`, `match_label`, `home_team_id`, `away_team_id`, `venue_id`, `kickoff_utc`, `status`, `home_score`, `away_score`, `went_to_penalties`, `penalty_winner_team_id`, `manual_override`, `updated_at`) VALUES (29,29,29,'group','Group Stage','E','Group E',18,19,9,'2026-06-25 20:00:00','scheduled',NULL,NULL,0,NULL,0,'2026-06-13 16:42:37');
INSERT  IGNORE INTO `matches` (`id`, `source_id`, `match_number`, `stage`, `round`, `group_letter`, `match_label`, `home_team_id`, `away_team_id`, `venue_id`, `kickoff_utc`, `status`, `home_score`, `away_score`, `went_to_penalties`, `penalty_winner_team_id`, `manual_override`, `updated_at`) VALUES (30,30,30,'group','Group Stage','E','Group E',20,17,8,'2026-06-25 20:00:00','scheduled',NULL,NULL,0,NULL,0,'2026-06-13 16:42:37');
INSERT  IGNORE INTO `matches` (`id`, `source_id`, `match_number`, `stage`, `round`, `group_letter`, `match_label`, `home_team_id`, `away_team_id`, `venue_id`, `kickoff_utc`, `status`, `home_score`, `away_score`, `went_to_penalties`, `penalty_winner_team_id`, `manual_override`, `updated_at`) VALUES (31,31,31,'group','Group Stage','F','Group F',21,22,3,'2026-06-14 20:00:00','scheduled',NULL,NULL,0,NULL,0,'2026-06-13 16:42:37');
INSERT  IGNORE INTO `matches` (`id`, `source_id`, `match_number`, `stage`, `round`, `group_letter`, `match_label`, `home_team_id`, `away_team_id`, `venue_id`, `kickoff_utc`, `status`, `home_score`, `away_score`, `went_to_penalties`, `penalty_winner_team_id`, `manual_override`, `updated_at`) VALUES (32,32,32,'group','Group Stage','F','Group F',23,24,16,'2026-06-15 02:00:00','scheduled',NULL,NULL,0,NULL,0,'2026-06-13 16:42:37');
INSERT  IGNORE INTO `matches` (`id`, `source_id`, `match_number`, `stage`, `round`, `group_letter`, `match_label`, `home_team_id`, `away_team_id`, `venue_id`, `kickoff_utc`, `status`, `home_score`, `away_score`, `went_to_penalties`, `penalty_winner_team_id`, `manual_override`, `updated_at`) VALUES (33,33,33,'group','Group Stage','F','Group F',21,23,4,'2026-06-20 17:00:00','scheduled',NULL,NULL,0,NULL,0,'2026-06-13 16:42:37');
INSERT  IGNORE INTO `matches` (`id`, `source_id`, `match_number`, `stage`, `round`, `group_letter`, `match_label`, `home_team_id`, `away_team_id`, `venue_id`, `kickoff_utc`, `status`, `home_score`, `away_score`, `went_to_penalties`, `penalty_winner_team_id`, `manual_override`, `updated_at`) VALUES (34,34,34,'group','Group Stage','F','Group F',24,22,16,'2026-06-21 04:00:00','scheduled',NULL,NULL,0,NULL,0,'2026-06-13 16:42:37');
INSERT  IGNORE INTO `matches` (`id`, `source_id`, `match_number`, `stage`, `round`, `group_letter`, `match_label`, `home_team_id`, `away_team_id`, `venue_id`, `kickoff_utc`, `status`, `home_score`, `away_score`, `went_to_penalties`, `penalty_winner_team_id`, `manual_override`, `updated_at`) VALUES (35,35,35,'group','Group Stage','F','Group F',22,23,3,'2026-06-25 23:00:00','scheduled',NULL,NULL,0,NULL,0,'2026-06-13 16:42:37');
INSERT  IGNORE INTO `matches` (`id`, `source_id`, `match_number`, `stage`, `round`, `group_letter`, `match_label`, `home_team_id`, `away_team_id`, `venue_id`, `kickoff_utc`, `status`, `home_score`, `away_score`, `went_to_penalties`, `penalty_winner_team_id`, `manual_override`, `updated_at`) VALUES (36,36,36,'group','Group Stage','F','Group F',24,21,5,'2026-06-25 23:00:00','scheduled',NULL,NULL,0,NULL,0,'2026-06-13 16:42:37');
INSERT  IGNORE INTO `matches` (`id`, `source_id`, `match_number`, `stage`, `round`, `group_letter`, `match_label`, `home_team_id`, `away_team_id`, `venue_id`, `kickoff_utc`, `status`, `home_score`, `away_score`, `went_to_penalties`, `penalty_winner_team_id`, `manual_override`, `updated_at`) VALUES (37,37,37,'group','Group Stage','G','Group G',25,26,11,'2026-06-15 19:00:00','scheduled',NULL,NULL,0,NULL,0,'2026-06-13 16:42:37');
INSERT  IGNORE INTO `matches` (`id`, `source_id`, `match_number`, `stage`, `round`, `group_letter`, `match_label`, `home_team_id`, `away_team_id`, `venue_id`, `kickoff_utc`, `status`, `home_score`, `away_score`, `went_to_penalties`, `penalty_winner_team_id`, `manual_override`, `updated_at`) VALUES (38,38,38,'group','Group Stage','G','Group G',27,28,6,'2026-06-16 01:00:00','scheduled',NULL,NULL,0,NULL,0,'2026-06-13 16:42:37');
INSERT  IGNORE INTO `matches` (`id`, `source_id`, `match_number`, `stage`, `round`, `group_letter`, `match_label`, `home_team_id`, `away_team_id`, `venue_id`, `kickoff_utc`, `status`, `home_score`, `away_score`, `went_to_penalties`, `penalty_winner_team_id`, `manual_override`, `updated_at`) VALUES (39,39,39,'group','Group Stage','G','Group G',25,27,6,'2026-06-21 19:00:00','scheduled',NULL,NULL,0,NULL,0,'2026-06-13 16:42:37');
INSERT  IGNORE INTO `matches` (`id`, `source_id`, `match_number`, `stage`, `round`, `group_letter`, `match_label`, `home_team_id`, `away_team_id`, `venue_id`, `kickoff_utc`, `status`, `home_score`, `away_score`, `went_to_penalties`, `penalty_winner_team_id`, `manual_override`, `updated_at`) VALUES (40,40,40,'group','Group Stage','G','Group G',28,26,13,'2026-06-22 01:00:00','scheduled',NULL,NULL,0,NULL,0,'2026-06-13 16:42:37');
INSERT  IGNORE INTO `matches` (`id`, `source_id`, `match_number`, `stage`, `round`, `group_letter`, `match_label`, `home_team_id`, `away_team_id`, `venue_id`, `kickoff_utc`, `status`, `home_score`, `away_score`, `went_to_penalties`, `penalty_winner_team_id`, `manual_override`, `updated_at`) VALUES (41,41,41,'group','Group Stage','G','Group G',26,27,11,'2026-06-27 03:00:00','scheduled',NULL,NULL,0,NULL,0,'2026-06-13 16:42:37');
INSERT  IGNORE INTO `matches` (`id`, `source_id`, `match_number`, `stage`, `round`, `group_letter`, `match_label`, `home_team_id`, `away_team_id`, `venue_id`, `kickoff_utc`, `status`, `home_score`, `away_score`, `went_to_penalties`, `penalty_winner_team_id`, `manual_override`, `updated_at`) VALUES (42,42,42,'group','Group Stage','G','Group G',28,25,13,'2026-06-27 03:00:00','scheduled',NULL,NULL,0,NULL,0,'2026-06-13 16:42:37');
INSERT  IGNORE INTO `matches` (`id`, `source_id`, `match_number`, `stage`, `round`, `group_letter`, `match_label`, `home_team_id`, `away_team_id`, `venue_id`, `kickoff_utc`, `status`, `home_score`, `away_score`, `went_to_penalties`, `penalty_winner_team_id`, `manual_override`, `updated_at`) VALUES (43,43,43,'group','Group Stage','H','Group H',29,30,1,'2026-06-15 16:00:00','scheduled',NULL,NULL,0,NULL,0,'2026-06-13 16:42:37');
INSERT  IGNORE INTO `matches` (`id`, `source_id`, `match_number`, `stage`, `round`, `group_letter`, `match_label`, `home_team_id`, `away_team_id`, `venue_id`, `kickoff_utc`, `status`, `home_score`, `away_score`, `went_to_penalties`, `penalty_winner_team_id`, `manual_override`, `updated_at`) VALUES (44,44,44,'group','Group Stage','H','Group H',31,32,7,'2026-06-15 22:00:00','scheduled',NULL,NULL,0,NULL,0,'2026-06-13 16:42:37');
INSERT  IGNORE INTO `matches` (`id`, `source_id`, `match_number`, `stage`, `round`, `group_letter`, `match_label`, `home_team_id`, `away_team_id`, `venue_id`, `kickoff_utc`, `status`, `home_score`, `away_score`, `went_to_penalties`, `penalty_winner_team_id`, `manual_override`, `updated_at`) VALUES (45,45,45,'group','Group Stage','H','Group H',29,31,1,'2026-06-21 16:00:00','scheduled',NULL,NULL,0,NULL,0,'2026-06-13 16:42:37');
INSERT  IGNORE INTO `matches` (`id`, `source_id`, `match_number`, `stage`, `round`, `group_letter`, `match_label`, `home_team_id`, `away_team_id`, `venue_id`, `kickoff_utc`, `status`, `home_score`, `away_score`, `went_to_penalties`, `penalty_winner_team_id`, `manual_override`, `updated_at`) VALUES (46,46,46,'group','Group Stage','H','Group H',32,30,7,'2026-06-21 22:00:00','scheduled',NULL,NULL,0,NULL,0,'2026-06-13 16:42:37');
INSERT  IGNORE INTO `matches` (`id`, `source_id`, `match_number`, `stage`, `round`, `group_letter`, `match_label`, `home_team_id`, `away_team_id`, `venue_id`, `kickoff_utc`, `status`, `home_score`, `away_score`, `went_to_penalties`, `penalty_winner_team_id`, `manual_override`, `updated_at`) VALUES (47,47,47,'group','Group Stage','H','Group H',30,31,4,'2026-06-27 00:00:00','scheduled',NULL,NULL,0,NULL,0,'2026-06-13 16:42:37');
INSERT  IGNORE INTO `matches` (`id`, `source_id`, `match_number`, `stage`, `round`, `group_letter`, `match_label`, `home_team_id`, `away_team_id`, `venue_id`, `kickoff_utc`, `status`, `home_score`, `away_score`, `went_to_penalties`, `penalty_winner_team_id`, `manual_override`, `updated_at`) VALUES (48,48,48,'group','Group Stage','H','Group H',32,29,14,'2026-06-27 00:00:00','scheduled',NULL,NULL,0,NULL,0,'2026-06-13 16:42:37');
INSERT  IGNORE INTO `matches` (`id`, `source_id`, `match_number`, `stage`, `round`, `group_letter`, `match_label`, `home_team_id`, `away_team_id`, `venue_id`, `kickoff_utc`, `status`, `home_score`, `away_score`, `went_to_penalties`, `penalty_winner_team_id`, `manual_override`, `updated_at`) VALUES (49,49,49,'group','Group Stage','I','Group I',33,34,8,'2026-06-16 19:00:00','scheduled',NULL,NULL,0,NULL,0,'2026-06-13 16:42:37');
INSERT  IGNORE INTO `matches` (`id`, `source_id`, `match_number`, `stage`, `round`, `group_letter`, `match_label`, `home_team_id`, `away_team_id`, `venue_id`, `kickoff_utc`, `status`, `home_score`, `away_score`, `went_to_penalties`, `penalty_winner_team_id`, `manual_override`, `updated_at`) VALUES (50,50,50,'group','Group Stage','I','Group I',35,36,2,'2026-06-16 22:00:00','scheduled',NULL,NULL,0,NULL,0,'2026-06-13 16:42:37');
INSERT  IGNORE INTO `matches` (`id`, `source_id`, `match_number`, `stage`, `round`, `group_letter`, `match_label`, `home_team_id`, `away_team_id`, `venue_id`, `kickoff_utc`, `status`, `home_score`, `away_score`, `went_to_penalties`, `penalty_winner_team_id`, `manual_override`, `updated_at`) VALUES (51,51,51,'group','Group Stage','I','Group I',33,35,9,'2026-06-22 21:00:00','scheduled',NULL,NULL,0,NULL,0,'2026-06-13 16:42:37');
INSERT  IGNORE INTO `matches` (`id`, `source_id`, `match_number`, `stage`, `round`, `group_letter`, `match_label`, `home_team_id`, `away_team_id`, `venue_id`, `kickoff_utc`, `status`, `home_score`, `away_score`, `went_to_penalties`, `penalty_winner_team_id`, `manual_override`, `updated_at`) VALUES (52,52,52,'group','Group Stage','I','Group I',36,34,8,'2026-06-23 00:00:00','scheduled',NULL,NULL,0,NULL,0,'2026-06-13 16:42:37');
INSERT  IGNORE INTO `matches` (`id`, `source_id`, `match_number`, `stage`, `round`, `group_letter`, `match_label`, `home_team_id`, `away_team_id`, `venue_id`, `kickoff_utc`, `status`, `home_score`, `away_score`, `went_to_penalties`, `penalty_winner_team_id`, `manual_override`, `updated_at`) VALUES (53,53,53,'group','Group Stage','I','Group I',36,33,2,'2026-06-26 19:00:00','scheduled',NULL,NULL,0,NULL,0,'2026-06-13 16:42:37');
INSERT  IGNORE INTO `matches` (`id`, `source_id`, `match_number`, `stage`, `round`, `group_letter`, `match_label`, `home_team_id`, `away_team_id`, `venue_id`, `kickoff_utc`, `status`, `home_score`, `away_score`, `went_to_penalties`, `penalty_winner_team_id`, `manual_override`, `updated_at`) VALUES (54,54,54,'group','Group Stage','I','Group I',34,35,12,'2026-06-26 19:00:00','scheduled',NULL,NULL,0,NULL,0,'2026-06-13 16:42:37');
INSERT  IGNORE INTO `matches` (`id`, `source_id`, `match_number`, `stage`, `round`, `group_letter`, `match_label`, `home_team_id`, `away_team_id`, `venue_id`, `kickoff_utc`, `status`, `home_score`, `away_score`, `went_to_penalties`, `penalty_winner_team_id`, `manual_override`, `updated_at`) VALUES (55,55,55,'group','Group Stage','J','Group J',37,38,5,'2026-06-17 01:00:00','scheduled',NULL,NULL,0,NULL,0,'2026-06-13 16:42:37');
INSERT  IGNORE INTO `matches` (`id`, `source_id`, `match_number`, `stage`, `round`, `group_letter`, `match_label`, `home_team_id`, `away_team_id`, `venue_id`, `kickoff_utc`, `status`, `home_score`, `away_score`, `went_to_penalties`, `penalty_winner_team_id`, `manual_override`, `updated_at`) VALUES (56,56,56,'group','Group Stage','J','Group J',39,40,10,'2026-06-17 04:00:00','scheduled',NULL,NULL,0,NULL,0,'2026-06-13 16:42:37');
INSERT  IGNORE INTO `matches` (`id`, `source_id`, `match_number`, `stage`, `round`, `group_letter`, `match_label`, `home_team_id`, `away_team_id`, `venue_id`, `kickoff_utc`, `status`, `home_score`, `away_score`, `went_to_penalties`, `penalty_winner_team_id`, `manual_override`, `updated_at`) VALUES (57,57,57,'group','Group Stage','J','Group J',37,39,3,'2026-06-22 17:00:00','scheduled',NULL,NULL,0,NULL,0,'2026-06-13 16:42:37');
INSERT  IGNORE INTO `matches` (`id`, `source_id`, `match_number`, `stage`, `round`, `group_letter`, `match_label`, `home_team_id`, `away_team_id`, `venue_id`, `kickoff_utc`, `status`, `home_score`, `away_score`, `went_to_penalties`, `penalty_winner_team_id`, `manual_override`, `updated_at`) VALUES (58,58,58,'group','Group Stage','J','Group J',40,38,10,'2026-06-23 03:00:00','scheduled',NULL,NULL,0,NULL,0,'2026-06-13 16:42:37');
INSERT  IGNORE INTO `matches` (`id`, `source_id`, `match_number`, `stage`, `round`, `group_letter`, `match_label`, `home_team_id`, `away_team_id`, `venue_id`, `kickoff_utc`, `status`, `home_score`, `away_score`, `went_to_penalties`, `penalty_winner_team_id`, `manual_override`, `updated_at`) VALUES (59,59,59,'group','Group Stage','J','Group J',38,39,5,'2026-06-28 02:00:00','scheduled',NULL,NULL,0,NULL,0,'2026-06-13 16:42:37');
INSERT  IGNORE INTO `matches` (`id`, `source_id`, `match_number`, `stage`, `round`, `group_letter`, `match_label`, `home_team_id`, `away_team_id`, `venue_id`, `kickoff_utc`, `status`, `home_score`, `away_score`, `went_to_penalties`, `penalty_winner_team_id`, `manual_override`, `updated_at`) VALUES (60,60,60,'group','Group Stage','J','Group J',40,37,3,'2026-06-28 02:00:00','scheduled',NULL,NULL,0,NULL,0,'2026-06-13 16:42:37');
INSERT  IGNORE INTO `matches` (`id`, `source_id`, `match_number`, `stage`, `round`, `group_letter`, `match_label`, `home_team_id`, `away_team_id`, `venue_id`, `kickoff_utc`, `status`, `home_score`, `away_score`, `went_to_penalties`, `penalty_winner_team_id`, `manual_override`, `updated_at`) VALUES (61,61,61,'group','Group Stage','K','Group K',41,42,4,'2026-06-17 17:00:00','scheduled',NULL,NULL,0,NULL,0,'2026-06-13 16:42:37');
INSERT  IGNORE INTO `matches` (`id`, `source_id`, `match_number`, `stage`, `round`, `group_letter`, `match_label`, `home_team_id`, `away_team_id`, `venue_id`, `kickoff_utc`, `status`, `home_score`, `away_score`, `went_to_penalties`, `penalty_winner_team_id`, `manual_override`, `updated_at`) VALUES (62,62,62,'group','Group Stage','K','Group K',43,44,15,'2026-06-18 02:00:00','scheduled',NULL,NULL,0,NULL,0,'2026-06-13 16:42:37');
INSERT  IGNORE INTO `matches` (`id`, `source_id`, `match_number`, `stage`, `round`, `group_letter`, `match_label`, `home_team_id`, `away_team_id`, `venue_id`, `kickoff_utc`, `status`, `home_score`, `away_score`, `went_to_penalties`, `penalty_winner_team_id`, `manual_override`, `updated_at`) VALUES (63,63,63,'group','Group Stage','K','Group K',41,43,4,'2026-06-23 17:00:00','scheduled',NULL,NULL,0,NULL,0,'2026-06-13 16:42:37');
INSERT  IGNORE INTO `matches` (`id`, `source_id`, `match_number`, `stage`, `round`, `group_letter`, `match_label`, `home_team_id`, `away_team_id`, `venue_id`, `kickoff_utc`, `status`, `home_score`, `away_score`, `went_to_penalties`, `penalty_winner_team_id`, `manual_override`, `updated_at`) VALUES (64,64,64,'group','Group Stage','K','Group K',44,42,14,'2026-06-24 02:00:00','scheduled',NULL,NULL,0,NULL,0,'2026-06-13 16:42:37');
INSERT  IGNORE INTO `matches` (`id`, `source_id`, `match_number`, `stage`, `round`, `group_letter`, `match_label`, `home_team_id`, `away_team_id`, `venue_id`, `kickoff_utc`, `status`, `home_score`, `away_score`, `went_to_penalties`, `penalty_winner_team_id`, `manual_override`, `updated_at`) VALUES (65,65,65,'group','Group Stage','K','Group K',44,41,7,'2026-06-27 23:30:00','scheduled',NULL,NULL,0,NULL,0,'2026-06-13 16:42:37');
INSERT  IGNORE INTO `matches` (`id`, `source_id`, `match_number`, `stage`, `round`, `group_letter`, `match_label`, `home_team_id`, `away_team_id`, `venue_id`, `kickoff_utc`, `status`, `home_score`, `away_score`, `went_to_penalties`, `penalty_winner_team_id`, `manual_override`, `updated_at`) VALUES (66,66,66,'group','Group Stage','K','Group K',42,43,1,'2026-06-27 23:30:00','scheduled',NULL,NULL,0,NULL,0,'2026-06-13 16:42:37');
INSERT  IGNORE INTO `matches` (`id`, `source_id`, `match_number`, `stage`, `round`, `group_letter`, `match_label`, `home_team_id`, `away_team_id`, `venue_id`, `kickoff_utc`, `status`, `home_score`, `away_score`, `went_to_penalties`, `penalty_winner_team_id`, `manual_override`, `updated_at`) VALUES (67,67,67,'group','Group Stage','L','Group L',45,46,3,'2026-06-17 20:00:00','scheduled',NULL,NULL,0,NULL,0,'2026-06-13 16:42:37');
INSERT  IGNORE INTO `matches` (`id`, `source_id`, `match_number`, `stage`, `round`, `group_letter`, `match_label`, `home_team_id`, `away_team_id`, `venue_id`, `kickoff_utc`, `status`, `home_score`, `away_score`, `went_to_penalties`, `penalty_winner_team_id`, `manual_override`, `updated_at`) VALUES (68,68,68,'group','Group Stage','L','Group L',47,48,12,'2026-06-17 23:00:00','scheduled',NULL,NULL,0,NULL,0,'2026-06-13 16:42:37');
INSERT  IGNORE INTO `matches` (`id`, `source_id`, `match_number`, `stage`, `round`, `group_letter`, `match_label`, `home_team_id`, `away_team_id`, `venue_id`, `kickoff_utc`, `status`, `home_score`, `away_score`, `went_to_penalties`, `penalty_winner_team_id`, `manual_override`, `updated_at`) VALUES (69,69,69,'group','Group Stage','L','Group L',45,47,2,'2026-06-23 20:00:00','scheduled',NULL,NULL,0,NULL,0,'2026-06-13 16:42:37');
INSERT  IGNORE INTO `matches` (`id`, `source_id`, `match_number`, `stage`, `round`, `group_letter`, `match_label`, `home_team_id`, `away_team_id`, `venue_id`, `kickoff_utc`, `status`, `home_score`, `away_score`, `went_to_penalties`, `penalty_winner_team_id`, `manual_override`, `updated_at`) VALUES (70,70,70,'group','Group Stage','L','Group L',48,46,12,'2026-06-23 23:00:00','scheduled',NULL,NULL,0,NULL,0,'2026-06-13 16:42:37');
INSERT  IGNORE INTO `matches` (`id`, `source_id`, `match_number`, `stage`, `round`, `group_letter`, `match_label`, `home_team_id`, `away_team_id`, `venue_id`, `kickoff_utc`, `status`, `home_score`, `away_score`, `went_to_penalties`, `penalty_winner_team_id`, `manual_override`, `updated_at`) VALUES (71,71,71,'group','Group Stage','L','Group L',48,45,8,'2026-06-27 21:00:00','scheduled',NULL,NULL,0,NULL,0,'2026-06-13 16:42:37');
INSERT  IGNORE INTO `matches` (`id`, `source_id`, `match_number`, `stage`, `round`, `group_letter`, `match_label`, `home_team_id`, `away_team_id`, `venue_id`, `kickoff_utc`, `status`, `home_score`, `away_score`, `went_to_penalties`, `penalty_winner_team_id`, `manual_override`, `updated_at`) VALUES (72,72,72,'group','Group Stage','L','Group L',46,47,9,'2026-06-27 21:00:00','scheduled',NULL,NULL,0,NULL,0,'2026-06-13 16:42:37');
INSERT  IGNORE INTO `matches` (`id`, `source_id`, `match_number`, `stage`, `round`, `group_letter`, `match_label`, `home_team_id`, `away_team_id`, `venue_id`, `kickoff_utc`, `status`, `home_score`, `away_score`, `went_to_penalties`, `penalty_winner_team_id`, `manual_override`, `updated_at`) VALUES (73,73,73,'knockout','Round of 32','','2A vs 2B',NULL,NULL,6,'2026-06-28 19:00:00','scheduled',NULL,NULL,0,NULL,0,'2026-06-13 16:42:37');
INSERT  IGNORE INTO `matches` (`id`, `source_id`, `match_number`, `stage`, `round`, `group_letter`, `match_label`, `home_team_id`, `away_team_id`, `venue_id`, `kickoff_utc`, `status`, `home_score`, `away_score`, `went_to_penalties`, `penalty_winner_team_id`, `manual_override`, `updated_at`) VALUES (74,74,74,'knockout','Round of 32','','1E vs 3A/B/C/D/F',NULL,NULL,2,'2026-06-29 20:30:00','scheduled',NULL,NULL,0,NULL,0,'2026-06-13 16:42:37');
INSERT  IGNORE INTO `matches` (`id`, `source_id`, `match_number`, `stage`, `round`, `group_letter`, `match_label`, `home_team_id`, `away_team_id`, `venue_id`, `kickoff_utc`, `status`, `home_score`, `away_score`, `went_to_penalties`, `penalty_winner_team_id`, `manual_override`, `updated_at`) VALUES (75,75,75,'knockout','Round of 32','','1F vs 2C',NULL,NULL,16,'2026-06-30 01:00:00','scheduled',NULL,NULL,0,NULL,0,'2026-06-13 16:42:37');
INSERT  IGNORE INTO `matches` (`id`, `source_id`, `match_number`, `stage`, `round`, `group_letter`, `match_label`, `home_team_id`, `away_team_id`, `venue_id`, `kickoff_utc`, `status`, `home_score`, `away_score`, `went_to_penalties`, `penalty_winner_team_id`, `manual_override`, `updated_at`) VALUES (76,76,76,'knockout','Round of 32','','1C vs 2F',NULL,NULL,4,'2026-06-29 17:00:00','scheduled',NULL,NULL,0,NULL,0,'2026-06-13 16:42:37');
INSERT  IGNORE INTO `matches` (`id`, `source_id`, `match_number`, `stage`, `round`, `group_letter`, `match_label`, `home_team_id`, `away_team_id`, `venue_id`, `kickoff_utc`, `status`, `home_score`, `away_score`, `went_to_penalties`, `penalty_winner_team_id`, `manual_override`, `updated_at`) VALUES (77,77,77,'knockout','Round of 32','','1I vs 3C/D/F/G/H',NULL,NULL,8,'2026-06-30 21:00:00','scheduled',NULL,NULL,0,NULL,0,'2026-06-13 16:42:37');
INSERT  IGNORE INTO `matches` (`id`, `source_id`, `match_number`, `stage`, `round`, `group_letter`, `match_label`, `home_team_id`, `away_team_id`, `venue_id`, `kickoff_utc`, `status`, `home_score`, `away_score`, `went_to_penalties`, `penalty_winner_team_id`, `manual_override`, `updated_at`) VALUES (78,78,78,'knockout','Round of 32','','2E vs 2I',NULL,NULL,3,'2026-06-30 17:00:00','scheduled',NULL,NULL,0,NULL,0,'2026-06-13 16:42:37');
INSERT  IGNORE INTO `matches` (`id`, `source_id`, `match_number`, `stage`, `round`, `group_letter`, `match_label`, `home_team_id`, `away_team_id`, `venue_id`, `kickoff_utc`, `status`, `home_score`, `away_score`, `went_to_penalties`, `penalty_winner_team_id`, `manual_override`, `updated_at`) VALUES (79,79,79,'knockout','Round of 32','','1A vs 3C/E/F/H/I',NULL,NULL,15,'2026-07-01 01:00:00','scheduled',NULL,NULL,0,NULL,0,'2026-06-13 16:42:37');
INSERT  IGNORE INTO `matches` (`id`, `source_id`, `match_number`, `stage`, `round`, `group_letter`, `match_label`, `home_team_id`, `away_team_id`, `venue_id`, `kickoff_utc`, `status`, `home_score`, `away_score`, `went_to_penalties`, `penalty_winner_team_id`, `manual_override`, `updated_at`) VALUES (80,80,80,'knockout','Round of 32','','1L vs 3E/H/I/J/K',NULL,NULL,1,'2026-07-01 16:00:00','scheduled',NULL,NULL,0,NULL,0,'2026-06-13 16:42:37');
INSERT  IGNORE INTO `matches` (`id`, `source_id`, `match_number`, `stage`, `round`, `group_letter`, `match_label`, `home_team_id`, `away_team_id`, `venue_id`, `kickoff_utc`, `status`, `home_score`, `away_score`, `went_to_penalties`, `penalty_winner_team_id`, `manual_override`, `updated_at`) VALUES (81,81,81,'knockout','Round of 32','','1D vs 3B/E/F/I/J',NULL,NULL,10,'2026-07-02 00:00:00','scheduled',NULL,NULL,0,NULL,0,'2026-06-13 16:42:37');
INSERT  IGNORE INTO `matches` (`id`, `source_id`, `match_number`, `stage`, `round`, `group_letter`, `match_label`, `home_team_id`, `away_team_id`, `venue_id`, `kickoff_utc`, `status`, `home_score`, `away_score`, `went_to_penalties`, `penalty_winner_team_id`, `manual_override`, `updated_at`) VALUES (82,82,82,'knockout','Round of 32','','1G vs 3A/E/H/I/J',NULL,NULL,11,'2026-07-01 20:00:00','scheduled',NULL,NULL,0,NULL,0,'2026-06-13 16:42:37');
INSERT  IGNORE INTO `matches` (`id`, `source_id`, `match_number`, `stage`, `round`, `group_letter`, `match_label`, `home_team_id`, `away_team_id`, `venue_id`, `kickoff_utc`, `status`, `home_score`, `away_score`, `went_to_penalties`, `penalty_winner_team_id`, `manual_override`, `updated_at`) VALUES (83,83,83,'knockout','Round of 32','','2K vs 2L',NULL,NULL,12,'2026-07-02 23:00:00','scheduled',NULL,NULL,0,NULL,0,'2026-06-13 16:42:37');
INSERT  IGNORE INTO `matches` (`id`, `source_id`, `match_number`, `stage`, `round`, `group_letter`, `match_label`, `home_team_id`, `away_team_id`, `venue_id`, `kickoff_utc`, `status`, `home_score`, `away_score`, `went_to_penalties`, `penalty_winner_team_id`, `manual_override`, `updated_at`) VALUES (84,84,84,'knockout','Round of 32','','1H vs 2J',NULL,NULL,6,'2026-07-02 19:00:00','scheduled',NULL,NULL,0,NULL,0,'2026-06-13 16:42:37');
INSERT  IGNORE INTO `matches` (`id`, `source_id`, `match_number`, `stage`, `round`, `group_letter`, `match_label`, `home_team_id`, `away_team_id`, `venue_id`, `kickoff_utc`, `status`, `home_score`, `away_score`, `went_to_penalties`, `penalty_winner_team_id`, `manual_override`, `updated_at`) VALUES (85,85,85,'knockout','Round of 32','','1B vs 3E/F/G/I/J',NULL,NULL,13,'2026-07-03 03:00:00','scheduled',NULL,NULL,0,NULL,0,'2026-06-13 16:42:37');
INSERT  IGNORE INTO `matches` (`id`, `source_id`, `match_number`, `stage`, `round`, `group_letter`, `match_label`, `home_team_id`, `away_team_id`, `venue_id`, `kickoff_utc`, `status`, `home_score`, `away_score`, `went_to_penalties`, `penalty_winner_team_id`, `manual_override`, `updated_at`) VALUES (86,86,86,'knockout','Round of 32','','1J vs 2H',NULL,NULL,7,'2026-07-03 22:00:00','scheduled',NULL,NULL,0,NULL,0,'2026-06-13 16:42:37');
INSERT  IGNORE INTO `matches` (`id`, `source_id`, `match_number`, `stage`, `round`, `group_letter`, `match_label`, `home_team_id`, `away_team_id`, `venue_id`, `kickoff_utc`, `status`, `home_score`, `away_score`, `went_to_penalties`, `penalty_winner_team_id`, `manual_override`, `updated_at`) VALUES (87,87,87,'knockout','Round of 32','','1K vs 3D/E/I/J/L',NULL,NULL,5,'2026-07-04 01:30:00','scheduled',NULL,NULL,0,NULL,0,'2026-06-13 16:42:37');
INSERT  IGNORE INTO `matches` (`id`, `source_id`, `match_number`, `stage`, `round`, `group_letter`, `match_label`, `home_team_id`, `away_team_id`, `venue_id`, `kickoff_utc`, `status`, `home_score`, `away_score`, `went_to_penalties`, `penalty_winner_team_id`, `manual_override`, `updated_at`) VALUES (88,88,88,'knockout','Round of 32','','2D vs 2G',NULL,NULL,3,'2026-07-03 18:00:00','scheduled',NULL,NULL,0,NULL,0,'2026-06-13 16:42:37');
INSERT  IGNORE INTO `matches` (`id`, `source_id`, `match_number`, `stage`, `round`, `group_letter`, `match_label`, `home_team_id`, `away_team_id`, `venue_id`, `kickoff_utc`, `status`, `home_score`, `away_score`, `went_to_penalties`, `penalty_winner_team_id`, `manual_override`, `updated_at`) VALUES (89,89,89,'knockout','Round of 16','','W74 vs W77',NULL,NULL,9,'2026-07-04 21:00:00','scheduled',NULL,NULL,0,NULL,0,'2026-06-13 16:42:37');
INSERT  IGNORE INTO `matches` (`id`, `source_id`, `match_number`, `stage`, `round`, `group_letter`, `match_label`, `home_team_id`, `away_team_id`, `venue_id`, `kickoff_utc`, `status`, `home_score`, `away_score`, `went_to_penalties`, `penalty_winner_team_id`, `manual_override`, `updated_at`) VALUES (90,90,90,'knockout','Round of 16','','W73 vs W75',NULL,NULL,4,'2026-07-04 17:00:00','scheduled',NULL,NULL,0,NULL,0,'2026-06-13 16:42:37');
INSERT  IGNORE INTO `matches` (`id`, `source_id`, `match_number`, `stage`, `round`, `group_letter`, `match_label`, `home_team_id`, `away_team_id`, `venue_id`, `kickoff_utc`, `status`, `home_score`, `away_score`, `went_to_penalties`, `penalty_winner_team_id`, `manual_override`, `updated_at`) VALUES (91,91,91,'knockout','Round of 16','','W76 vs W78',NULL,NULL,8,'2026-07-05 20:00:00','scheduled',NULL,NULL,0,NULL,0,'2026-06-13 16:42:37');
INSERT  IGNORE INTO `matches` (`id`, `source_id`, `match_number`, `stage`, `round`, `group_letter`, `match_label`, `home_team_id`, `away_team_id`, `venue_id`, `kickoff_utc`, `status`, `home_score`, `away_score`, `went_to_penalties`, `penalty_winner_team_id`, `manual_override`, `updated_at`) VALUES (92,92,92,'knockout','Round of 16','','W79 vs W80',NULL,NULL,15,'2026-07-06 00:00:00','scheduled',NULL,NULL,0,NULL,0,'2026-06-13 16:42:37');
INSERT  IGNORE INTO `matches` (`id`, `source_id`, `match_number`, `stage`, `round`, `group_letter`, `match_label`, `home_team_id`, `away_team_id`, `venue_id`, `kickoff_utc`, `status`, `home_score`, `away_score`, `went_to_penalties`, `penalty_winner_team_id`, `manual_override`, `updated_at`) VALUES (93,93,93,'knockout','Round of 16','','W83 vs W84',NULL,NULL,3,'2026-07-06 19:00:00','scheduled',NULL,NULL,0,NULL,0,'2026-06-13 16:42:37');
INSERT  IGNORE INTO `matches` (`id`, `source_id`, `match_number`, `stage`, `round`, `group_letter`, `match_label`, `home_team_id`, `away_team_id`, `venue_id`, `kickoff_utc`, `status`, `home_score`, `away_score`, `went_to_penalties`, `penalty_winner_team_id`, `manual_override`, `updated_at`) VALUES (94,94,94,'knockout','Round of 16','','W81 vs W82',NULL,NULL,11,'2026-07-07 00:00:00','scheduled',NULL,NULL,0,NULL,0,'2026-06-13 16:42:37');
INSERT  IGNORE INTO `matches` (`id`, `source_id`, `match_number`, `stage`, `round`, `group_letter`, `match_label`, `home_team_id`, `away_team_id`, `venue_id`, `kickoff_utc`, `status`, `home_score`, `away_score`, `went_to_penalties`, `penalty_winner_team_id`, `manual_override`, `updated_at`) VALUES (95,95,95,'knockout','Round of 16','','W86 vs W88',NULL,NULL,1,'2026-07-07 16:00:00','scheduled',NULL,NULL,0,NULL,0,'2026-06-13 16:42:37');
INSERT  IGNORE INTO `matches` (`id`, `source_id`, `match_number`, `stage`, `round`, `group_letter`, `match_label`, `home_team_id`, `away_team_id`, `venue_id`, `kickoff_utc`, `status`, `home_score`, `away_score`, `went_to_penalties`, `penalty_winner_team_id`, `manual_override`, `updated_at`) VALUES (96,96,96,'knockout','Round of 16','','W85 vs W87',NULL,NULL,13,'2026-07-07 20:00:00','scheduled',NULL,NULL,0,NULL,0,'2026-06-13 16:42:37');
INSERT  IGNORE INTO `matches` (`id`, `source_id`, `match_number`, `stage`, `round`, `group_letter`, `match_label`, `home_team_id`, `away_team_id`, `venue_id`, `kickoff_utc`, `status`, `home_score`, `away_score`, `went_to_penalties`, `penalty_winner_team_id`, `manual_override`, `updated_at`) VALUES (97,97,97,'knockout','Quarterfinals','','W89 vs W90',NULL,NULL,2,'2026-07-09 20:00:00','scheduled',NULL,NULL,0,NULL,0,'2026-06-13 16:42:37');
INSERT  IGNORE INTO `matches` (`id`, `source_id`, `match_number`, `stage`, `round`, `group_letter`, `match_label`, `home_team_id`, `away_team_id`, `venue_id`, `kickoff_utc`, `status`, `home_score`, `away_score`, `went_to_penalties`, `penalty_winner_team_id`, `manual_override`, `updated_at`) VALUES (98,98,98,'knockout','Quarterfinals','','W93 vs W94',NULL,NULL,6,'2026-07-10 19:00:00','scheduled',NULL,NULL,0,NULL,0,'2026-06-13 16:42:37');
INSERT  IGNORE INTO `matches` (`id`, `source_id`, `match_number`, `stage`, `round`, `group_letter`, `match_label`, `home_team_id`, `away_team_id`, `venue_id`, `kickoff_utc`, `status`, `home_score`, `away_score`, `went_to_penalties`, `penalty_winner_team_id`, `manual_override`, `updated_at`) VALUES (99,99,99,'knockout','Quarterfinals','','W91 vs W92',NULL,NULL,7,'2026-07-11 21:00:00','scheduled',NULL,NULL,0,NULL,0,'2026-06-13 16:42:37');
INSERT  IGNORE INTO `matches` (`id`, `source_id`, `match_number`, `stage`, `round`, `group_letter`, `match_label`, `home_team_id`, `away_team_id`, `venue_id`, `kickoff_utc`, `status`, `home_score`, `away_score`, `went_to_penalties`, `penalty_winner_team_id`, `manual_override`, `updated_at`) VALUES (100,100,100,'knockout','Quarterfinals','','W95 vs W96',NULL,NULL,5,'2026-07-12 01:00:00','scheduled',NULL,NULL,0,NULL,0,'2026-06-13 16:42:37');
INSERT  IGNORE INTO `matches` (`id`, `source_id`, `match_number`, `stage`, `round`, `group_letter`, `match_label`, `home_team_id`, `away_team_id`, `venue_id`, `kickoff_utc`, `status`, `home_score`, `away_score`, `went_to_penalties`, `penalty_winner_team_id`, `manual_override`, `updated_at`) VALUES (101,101,101,'knockout','Semifinals','','W97 vs W98',NULL,NULL,3,'2026-07-14 19:00:00','scheduled',NULL,NULL,0,NULL,0,'2026-06-13 16:42:37');
INSERT  IGNORE INTO `matches` (`id`, `source_id`, `match_number`, `stage`, `round`, `group_letter`, `match_label`, `home_team_id`, `away_team_id`, `venue_id`, `kickoff_utc`, `status`, `home_score`, `away_score`, `went_to_penalties`, `penalty_winner_team_id`, `manual_override`, `updated_at`) VALUES (102,102,102,'knockout','Semifinals','','W99 vs W100',NULL,NULL,1,'2026-07-15 19:00:00','scheduled',NULL,NULL,0,NULL,0,'2026-06-13 16:42:37');
INSERT  IGNORE INTO `matches` (`id`, `source_id`, `match_number`, `stage`, `round`, `group_letter`, `match_label`, `home_team_id`, `away_team_id`, `venue_id`, `kickoff_utc`, `status`, `home_score`, `away_score`, `went_to_penalties`, `penalty_winner_team_id`, `manual_override`, `updated_at`) VALUES (103,103,103,'knockout','Third Place Playoff','','L101 vs L102',NULL,NULL,7,'2026-07-18 21:00:00','scheduled',NULL,NULL,0,NULL,0,'2026-06-13 16:42:37');
INSERT  IGNORE INTO `matches` (`id`, `source_id`, `match_number`, `stage`, `round`, `group_letter`, `match_label`, `home_team_id`, `away_team_id`, `venue_id`, `kickoff_utc`, `status`, `home_score`, `away_score`, `went_to_penalties`, `penalty_winner_team_id`, `manual_override`, `updated_at`) VALUES (104,104,104,'knockout','Final','','W101 vs W102',NULL,NULL,8,'2026-07-19 19:00:00','scheduled',NULL,NULL,0,NULL,0,'2026-06-13 16:42:37');
/*!40000 ALTER TABLE `matches` ENABLE KEYS */;
UNLOCK TABLES;
/*!40103 SET TIME_ZONE=@OLD_TIME_ZONE */;

/*!40101 SET SQL_MODE=@OLD_SQL_MODE */;
/*!40014 SET FOREIGN_KEY_CHECKS=@OLD_FOREIGN_KEY_CHECKS */;
/*!40014 SET UNIQUE_CHECKS=@OLD_UNIQUE_CHECKS */;
/*!40101 SET CHARACTER_SET_CLIENT=@OLD_CHARACTER_SET_CLIENT */;
/*!40101 SET CHARACTER_SET_RESULTS=@OLD_CHARACTER_SET_RESULTS */;
/*!40101 SET COLLATION_CONNECTION=@OLD_COLLATION_CONNECTION */;
/*!40111 SET SQL_NOTES=@OLD_SQL_NOTES */;

-- Dump completed
